{
    "dataset_type": "wine",
    "points_count": 178,
    "run": 1,
    "kmistree": {
        "weight": 343.54,
        "edge_count": 389,
        "runtime": 0.10815596580505371,
        "weight_error": 0.7300000000000182,
        "edge_count_error": 81.44987146529563,
        "runtime_error": 0.6405137124453585
    },
    "kmist": {
        "weight": 343.03,
        "edge_count": 526,
        "runtime": 0.10764479637145996,
        "weight_error": 0.21999999999997044,
        "edge_count_error": 60.23574144486692,
        "runtime_error": 0.6435552996157211
    },
    "prim": {
        "weight": 342.81,
        "edge_count": 31684,
        "runtime": 0.0692753791809082
    },
    "fmst": {
        "weight": 353.23989472706046,
        "edge_count": 1701,
        "runtime": 0.0674142837524414,
        "weight_error": 10.429894727060457,
        "edge_count_error": 18.62669018224574,
        "runtime_error": 1.0276068412341384
    }
}
